date,pressure_score,ledger_score,cei,cei_band,provisional
2026-02-16,0.04,52.87,52.89,Severe erosion,false
2026-02-17,0.08,52.87,52.90,Severe erosion,false
2026-02-18,0.12,52.87,52.92,Severe erosion,false
2026-02-19,0.18,52.87,52.94,Severe erosion,false
2026-02-20,0.25,46.01,46.10,Substantial erosion,false
2026-02-21,0.31,46.01,46.12,Substantial erosion,false
2026-02-22,0.37,46.01,46.14,Substantial erosion,false
2026-02-23,0.43,46.01,46.16,Substantial erosion,false
2026-02-24,0.49,46.01,46.18,Substantial erosion,false
2026-02-25,0.55,46.01,46.21,Substantial erosion,false
2026-02-26,0.62,46.01,46.23,Substantial erosion,false
2026-02-27,0.69,46.01,46.26,Substantial erosion,false
2026-02-28,0.75,46.01,46.28,Substantial erosion,false
2026-03-01,0.81,46.01,46.30,Substantial erosion,false
2026-03-02,0.86,46.01,46.31,Substantial erosion,false
2026-03-03,0.90,46.01,46.33,Substantial erosion,false
2026-03-04,0.95,46.01,46.35,Substantial erosion,false
2026-03-05,1.01,46.01,46.37,Substantial erosion,false
2026-03-06,1.06,46.01,46.39,Substantial erosion,false
2026-03-07,1.11,46.01,46.40,Substantial erosion,false
2026-03-08,1.16,46.01,46.42,Substantial erosion,false
2026-03-09,1.20,48.51,48.93,Substantial erosion,false
2026-03-10,1.25,48.51,48.94,Substantial erosion,false
2026-03-11,1.30,48.51,48.96,Substantial erosion,false
2026-03-12,1.36,48.51,48.98,Substantial erosion,false
2026-03-13,1.42,48.51,49.01,Substantial erosion,false
2026-03-14,1.48,48.51,49.02,Substantial erosion,false
2026-03-15,1.53,48.51,49.04,Substantial erosion,false
2026-03-16,1.59,48.51,49.06,Substantial erosion,false
2026-03-17,1.64,48.51,49.08,Substantial erosion,false
2026-03-18,1.70,48.51,49.10,Substantial erosion,false
2026-03-19,1.75,48.51,49.12,Substantial erosion,false
2026-03-20,1.83,48.51,49.15,Substantial erosion,false
2026-03-21,1.90,48.51,49.17,Substantial erosion,false
2026-03-22,1.96,48.51,49.19,Substantial erosion,false
2026-03-23,2.01,48.51,49.21,Substantial erosion,false
2026-03-24,2.05,48.51,49.22,Substantial erosion,false
2026-03-25,2.09,48.51,49.24,Substantial erosion,false
2026-03-26,2.14,48.51,49.26,Substantial erosion,false
2026-03-27,2.18,48.51,49.27,Substantial erosion,false
2026-03-28,2.22,48.51,49.28,Substantial erosion,false
2026-03-29,2.25,48.51,49.30,Substantial erosion,false
2026-03-30,2.30,48.51,49.31,Substantial erosion,false
2026-03-31,2.34,48.51,49.32,Substantial erosion,false
2026-04-01,2.37,48.51,49.34,Substantial erosion,false
2026-04-02,2.41,48.51,49.35,Substantial erosion,false
2026-04-03,2.45,48.51,49.37,Substantial erosion,false
2026-04-04,2.49,48.51,49.38,Substantial erosion,false
2026-04-05,2.53,48.51,49.39,Substantial erosion,false
2026-04-06,2.56,48.51,49.40,Substantial erosion,false
2026-04-07,2.58,48.51,49.41,Substantial erosion,false
2026-04-08,2.60,48.51,49.42,Substantial erosion,false
2026-04-09,2.64,48.51,49.43,Substantial erosion,false
2026-04-10,2.68,48.51,49.44,Substantial erosion,false
2026-04-11,2.72,48.51,49.46,Substantial erosion,false
2026-04-12,2.76,48.51,49.47,Substantial erosion,false
2026-04-13,2.79,48.51,49.48,Substantial erosion,false
2026-04-14,2.82,51.42,52.41,Severe erosion,false
2026-04-15,2.86,51.42,52.42,Severe erosion,false
2026-04-16,2.89,51.42,52.43,Severe erosion,false
2026-04-17,2.93,51.42,52.44,Severe erosion,false
2026-04-18,2.97,51.42,52.46,Severe erosion,false
2026-04-19,3.01,51.42,52.47,Severe erosion,false
2026-04-20,3.03,51.42,52.48,Severe erosion,false
2026-04-21,3.06,51.42,52.49,Severe erosion,false
2026-04-22,3.09,51.42,52.50,Severe erosion,false
2026-04-23,3.12,51.42,52.51,Severe erosion,false
2026-04-24,3.15,51.42,52.52,Severe erosion,false
2026-04-25,3.17,51.42,52.53,Severe erosion,false
2026-04-26,3.19,51.42,52.53,Severe erosion,false
2026-04-27,3.20,51.42,52.54,Severe erosion,false
2026-04-28,3.22,51.42,52.55,Severe erosion,false
2026-04-29,3.26,51.42,52.56,Severe erosion,false
2026-04-30,3.30,51.42,52.57,Severe erosion,false
2026-05-01,3.35,51.42,52.59,Severe erosion,false
2026-05-02,3.41,51.42,52.61,Severe erosion,false
2026-05-03,3.46,51.42,52.63,Severe erosion,false
2026-05-04,3.51,51.42,52.65,Severe erosion,false
2026-05-05,3.55,51.42,52.66,Severe erosion,false
2026-05-06,3.59,51.42,52.67,Severe erosion,false
2026-05-07,3.62,51.42,52.69,Severe erosion,false
2026-05-08,3.66,51.42,52.70,Severe erosion,false
2026-05-09,3.70,51.42,52.71,Severe erosion,false
2026-05-10,3.72,51.42,52.72,Severe erosion,false
2026-05-11,3.74,51.42,52.73,Severe erosion,false
2026-05-12,3.75,51.42,52.73,Severe erosion,false
2026-05-13,3.77,51.42,52.74,Severe erosion,false
2026-05-14,3.80,51.42,52.75,Severe erosion,false
2026-05-15,3.84,51.42,52.76,Severe erosion,false
2026-05-16,3.88,51.42,52.77,Severe erosion,false
2026-05-17,3.90,51.42,52.78,Severe erosion,false
2026-05-18,3.92,51.42,52.79,Severe erosion,false
2026-05-19,3.93,51.42,52.79,Severe erosion,false
2026-05-20,3.95,51.42,52.80,Severe erosion,false
2026-05-21,3.97,51.42,52.81,Severe erosion,false
2026-05-22,4.02,51.42,52.82,Severe erosion,false
2026-05-23,4.05,51.42,52.84,Severe erosion,false
2026-05-24,4.09,51.42,52.85,Severe erosion,false
2026-05-25,4.11,51.42,52.86,Severe erosion,false
2026-05-26,4.13,51.42,52.87,Severe erosion,false
2026-05-27,4.16,51.42,52.87,Severe erosion,false
2026-05-28,4.17,51.42,52.88,Severe erosion,false
2026-05-29,4.19,51.42,52.89,Severe erosion,false
2026-05-30,4.21,51.42,52.89,Severe erosion,false
2026-05-31,4.23,51.42,52.90,Severe erosion,false
2026-06-01,4.25,51.42,52.91,Severe erosion,false
2026-06-02,4.27,51.42,52.91,Severe erosion,false
2026-06-03,4.30,51.42,52.92,Severe erosion,false
2026-06-04,4.33,51.42,52.93,Severe erosion,false
2026-06-05,4.35,51.42,52.94,Severe erosion,false
2026-06-06,4.37,51.42,52.95,Severe erosion,false
2026-06-07,4.41,51.42,52.96,Severe erosion,false
2026-06-08,4.43,51.42,52.97,Severe erosion,false
2026-06-09,4.45,51.42,52.98,Severe erosion,false
2026-06-10,4.49,51.42,52.99,Severe erosion,false
2026-06-11,4.52,51.42,53.00,Severe erosion,false
2026-06-12,4.56,51.42,53.01,Severe erosion,false
2026-06-13,4.61,51.42,53.03,Severe erosion,false
2026-06-14,4.64,51.42,53.04,Severe erosion,false
2026-06-15,4.67,51.42,53.05,Severe erosion,false
2026-06-16,4.70,51.42,53.06,Severe erosion,false
2026-06-17,4.73,51.42,53.07,Severe erosion,false
2026-06-18,4.76,51.42,53.09,Severe erosion,false
2026-06-19,4.79,51.42,53.09,Severe erosion,false
2026-06-20,4.82,51.42,53.10,Severe erosion,false
2026-06-21,4.84,51.42,53.11,Severe erosion,false
2026-06-22,4.87,51.42,53.12,Severe erosion,false
2026-06-23,4.90,51.42,53.13,Severe erosion,false
2026-06-24,4.93,51.42,53.14,Severe erosion,false
2026-06-25,4.97,51.42,53.16,Severe erosion,false
2026-06-26,5.00,51.42,53.17,Severe erosion,false
2026-06-27,5.04,51.42,53.18,Severe erosion,false
2026-06-28,5.07,51.42,53.19,Severe erosion,false
2026-06-29,5.09,52.83,54.61,Severe erosion,false
2026-06-30,5.11,52.83,54.62,Severe erosion,false
2026-07-01,5.16,52.83,54.63,Severe erosion,false
2026-07-02,5.20,52.83,54.65,Severe erosion,false
2026-07-03,5.24,52.83,54.66,Severe erosion,false
2026-07-04,5.27,52.83,54.67,Severe erosion,false
2026-07-05,5.29,52.83,54.68,Severe erosion,false
2026-07-06,5.31,52.83,54.69,Severe erosion,false
2026-07-07,5.34,52.83,54.70,Severe erosion,false
2026-07-08,5.38,52.83,54.71,Severe erosion,false
2026-07-09,5.41,52.83,54.72,Severe erosion,false
2026-07-10,5.46,52.83,54.74,Severe erosion,false
2026-07-11,5.49,52.83,54.75,Severe erosion,false
2026-07-12,5.52,52.83,54.76,Severe erosion,false
2026-07-13,5.54,52.83,54.77,Severe erosion,false
2026-07-14,5.56,52.83,54.78,Severe erosion,false
2026-07-15,5.60,52.83,54.79,Severe erosion,false
2026-07-16,5.63,52.83,54.80,Severe erosion,false
2026-07-17,5.68,52.83,54.82,Severe erosion,false
2026-07-18,5.71,52.83,54.83,Severe erosion,false
2026-07-19,5.74,52.83,54.84,Severe erosion,false
2026-07-20,5.76,52.83,54.85,Severe erosion,false
2026-07-21,5.78,52.83,54.85,Severe erosion,false
2026-07-22,5.81,52.83,54.86,Severe erosion,false
2026-07-23,5.83,52.83,54.87,Severe erosion,false
2026-07-24,5.85,52.83,54.88,Severe erosion,false
2026-07-25,5.86,52.83,54.88,Severe erosion,false
2026-07-26,5.88,52.83,54.89,Severe erosion,false
2026-07-27,5.89,52.83,54.89,Severe erosion,false
2026-07-28,5.88,52.83,54.89,Severe erosion,false
2026-07-29,5.88,52.83,54.89,Severe erosion,false
2026-07-30,5.89,52.83,54.89,Severe erosion,false
2026-07-31,5.89,52.83,54.89,Severe erosion,false
2026-08-01,5.90,52.83,54.89,Severe erosion,false
2026-08-02,5.91,52.83,54.90,Severe erosion,false
2026-08-03,5.92,52.83,54.90,Severe erosion,false
2026-08-04,5.94,52.83,54.91,Severe erosion,false
2026-08-05,5.95,52.83,54.91,Severe erosion,false
2026-08-06,5.96,52.83,54.92,Severe erosion,false
2026-08-07,5.98,52.83,54.92,Severe erosion,false
2026-08-08,6.00,52.83,54.93,Severe erosion,false
2026-08-09,6.01,52.83,54.93,Severe erosion,false
2026-08-10,6.01,52.83,54.93,Severe erosion,false
2026-08-11,6.02,52.83,54.94,Severe erosion,false
2026-08-12,6.02,52.83,54.94,Severe erosion,false
2026-08-13,6.02,52.83,54.93,Severe erosion,false
2026-08-14,6.02,52.83,54.94,Severe erosion,false
2026-08-15,6.03,52.83,54.94,Severe erosion,false
2026-08-16,6.03,52.83,54.94,Severe erosion,false
2026-08-17,6.04,52.83,54.94,Severe erosion,false
2026-08-18,6.04,52.83,54.94,Severe erosion,false
2026-08-19,6.03,52.83,54.94,Severe erosion,false
2026-08-20,6.03,52.83,54.94,Severe erosion,false
2026-08-21,6.02,52.83,54.94,Severe erosion,false
2026-08-22,6.01,52.83,54.93,Severe erosion,false
2026-08-23,6.00,52.83,54.93,Severe erosion,false
2026-08-24,5.99,52.83,54.93,Severe erosion,false
2026-08-25,6.00,52.83,54.93,Severe erosion,false
2026-08-26,6.02,52.83,54.94,Severe erosion,false
2026-08-27,6.06,52.83,54.95,Severe erosion,false
2026-08-28,6.09,52.83,54.96,Severe erosion,false
2026-08-29,6.12,52.83,54.97,Severe erosion,false
2026-08-30,6.14,52.83,54.98,Severe erosion,false
2026-08-31,6.15,52.83,54.98,Severe erosion,false
2026-09-01,6.16,52.83,54.99,Severe erosion,false
2026-09-02,6.17,52.83,54.99,Severe erosion,false
2026-09-03,6.18,52.83,54.99,Severe erosion,false
2026-09-04,6.20,52.83,55.00,Severe erosion,false
2026-09-05,6.22,52.83,55.01,Severe erosion,false
2026-09-06,6.24,52.83,55.01,Severe erosion,false
2026-09-07,6.25,52.83,55.02,Severe erosion,false
2026-09-08,6.26,52.83,55.02,Severe erosion,false
2026-09-09,6.27,52.83,55.02,Severe erosion,false
2026-09-10,6.28,52.83,55.03,Severe erosion,false
2026-09-11,6.29,52.83,55.03,Severe erosion,false
2026-09-12,6.31,52.83,55.04,Severe erosion,false
2026-09-13,6.33,52.83,55.04,Severe erosion,false
2026-09-14,6.34,52.83,55.05,Severe erosion,false
2026-09-15,6.36,52.83,55.05,Severe erosion,false
2026-09-16,6.37,52.83,55.06,Severe erosion,false
2026-09-17,6.39,52.83,55.06,Severe erosion,false
2026-09-18,6.40,52.83,55.07,Severe erosion,false
2026-09-19,6.42,52.83,55.08,Severe erosion,false
2026-09-20,6.44,52.83,55.08,Severe erosion,false
2026-09-21,6.45,52.83,55.09,Severe erosion,false
2026-09-22,6.46,52.83,55.09,Severe erosion,false
2026-09-23,6.47,52.83,55.10,Severe erosion,false
2026-09-24,6.49,52.83,55.10,Severe erosion,false
2026-09-25,6.52,52.83,55.11,Severe erosion,false
2026-09-26,6.54,52.83,55.12,Severe erosion,false
2026-09-27,6.55,52.83,55.12,Severe erosion,false
2026-09-28,6.54,52.83,55.12,Severe erosion,false
2026-09-29,6.54,52.83,55.12,Severe erosion,false
2026-09-30,6.55,52.83,55.12,Severe erosion,false
2026-10-01,6.55,52.83,55.12,Severe erosion,false
2026-10-02,6.56,52.83,55.12,Severe erosion,false
2026-10-03,6.56,52.83,55.12,Severe erosion,false
2026-10-04,6.56,52.83,55.13,Severe erosion,false
2026-10-05,6.57,52.83,55.13,Severe erosion,false
